{"cameraMode":{"drawMode":0,"name":"Shaded","section":"Shading Mode"},"sceneLighting":true,"audioPlay":false,"sceneViewState":{"m_AlwaysRefresh":false,"showFog":true,"showSkybox":true,"showFlares":true,"showImageEffects":true,"showParticleSystems":true,"showVisualEffectGraphs":true,"m_FxEnabled":true},"in2DMode":false,"pivot":{"x":-0.000001430511474609375,"y":0.8698499202728272,"z":-0.0559057891368866},"rotation":{"x":-0.014139745384454728,"y":-0.9851997494697571,"z":0.1011493057012558,"w":-0.1377253383398056},"size":1.2315753698349,"orthographic":false}