{"cameraMode":{"drawMode":0,"name":"Shaded","section":"Shading Mode"},"sceneLighting":true,"audioPlay":false,"sceneViewState":{"m_AlwaysRefresh":false,"showFog":true,"showSkybox":true,"showFlares":true,"showImageEffects":true,"showParticleSystems":true,"showVisualEffectGraphs":true,"m_FxEnabled":true},"in2DMode":false,"pivot":{"x":26.019529342651368,"y":-59.69635772705078,"z":109.99284362792969},"rotation":{"x":-0.24226368963718415,"y":-0.10974393784999848,"z":0.027596935629844667,"w":-0.9636041522026062},"size":68.20603942871094,"orthographic":false}