{"cameraMode":{"drawMode":0,"name":"Shaded","section":"Shading Mode"},"sceneLighting":true,"audioPlay":false,"sceneViewState":{"m_AlwaysRefresh":false,"showFog":true,"showSkybox":true,"showFlares":true,"showImageEffects":true,"showParticleSystems":true,"showVisualEffectGraphs":true,"m_FxEnabled":true},"in2DMode":false,"pivot":{"x":-4.219424247741699,"y":13.509263038635254,"z":-33.07089614868164},"rotation":{"x":-0.12280837446451187,"y":-0.16239003837108613,"z":0.020375527441501619,"w":-0.9788482189178467},"size":31.99384117126465,"orthographic":false}