{"cameraMode":{"drawMode":0,"name":"Shaded","section":"Shading Mode"},"sceneLighting":true,"audioPlay":false,"sceneViewState":{"m_AlwaysRefresh":false,"showFog":true,"showSkybox":true,"showFlares":true,"showImageEffects":true,"showParticleSystems":true,"showVisualEffectGraphs":true,"m_FxEnabled":true},"in2DMode":false,"pivot":{"x":3.482326030731201,"y":1.2200995683670045,"z":5.1470537185668949},"rotation":{"x":-0.057652201503515246,"y":-0.1943175047636032,"z":0.011443349532783032,"w":-0.9791932702064514},"size":5.067925453186035,"orthographic":false}