{"cameraMode":{"drawMode":0,"name":"Shaded","section":"Shading Mode"},"sceneLighting":true,"audioPlay":false,"sceneViewState":{"m_AlwaysRefresh":false,"showFog":true,"showSkybox":true,"showFlares":true,"showImageEffects":true,"showParticleSystems":true,"showVisualEffectGraphs":true,"m_FxEnabled":true},"in2DMode":false,"pivot":{"x":-0.46552684903144839,"y":-7.1089186668396,"z":26.47515869140625},"rotation":{"x":-0.16303706169128419,"y":0.022787421941757203,"z":-0.0037640181835740806,"w":-0.9863636493682861},"size":15.644270896911621,"orthographic":false}